Name,Selling Price,Price Without Tax,Delivery Date,Product State,Product Code,Product Image,Category
Podložka ABS Čidlo 0.05MM originální díl,5.67 €,3.69 €,Datum dodání od 24.02.,Original spare part,700.36.14,https:https://images.matthies.de/mike/220_noimg.jpg,Brzdy
Podložka ABS Čidlo 0.10MM originální díl,5.67 €,3.69 €,Datum dodání od 24.02.,Original spare part,700.36.15,https:https://images.matthies.de/mike/4b3/220_7003615.jpg,Brzdy
Podložka ABS Čidlo 0.20MM originální díl,5.67 €,3.69 €,Datum dodání od 24.02.,Original spare part,700.36.16,https:https://images.matthies.de/mike/0f4/220_7003616.jpg,Brzdy
Podložka ABS Čidlo 0.30MM originální díl,5.67 €,3.69 €,Datum dodání od 24.02.,Original spare part,700.36.17,https:https://images.matthies.de/mike/329/220_7003617.jpg,Brzdy
Podložka ABS Čidlo 0.40MM originální díl,5.67 €,3.69 €,Datum dodání od 24.02.,Original spare part,700.36.18,https:https://images.matthies.de/mike/bfd/220_7003618.jpg,Brzdy
Podložka ABS Čidlo 0.50MM originální díl,5.67 €,3.69 €,Datum dodání od 24.02.,Original spare part,700.36.19,https:https://images.matthies.de/mike/e70/220_7003619.jpg,Brzdy
Podložka ABS Čidlo 1.00MM originální díl,5.67 €,3.69 €,Datum dodání od 24.02.,Original spare part,700.36.20,https:https://images.matthies.de/mike/b72/220_7003620.jpg,Brzdy
Podložka ABS Čidlo 0.07MM originální díl,4.83 €,3.14 €,Datum dodání od 24.02.,Original spare part,700.36.23,https:https://images.matthies.de/mike/4ae/220_7003623.jpg,Brzdy
plasty Držák,0.92 €,0.45 €,Datum dodání od 19.02.,JMP,757.18.51,https:https://images.matthies.de/mike/40c/220_7571851.jpg,Brzdy
Čidlo ABS TMX,71.19 €,46.30 €,Datum dodání od 24.02.,Tourmax,700.00.20,https:https://images.matthies.de/mike/98b/220_7000020.jpg,Brzdy
Čidlo ABS TMX,50.44 €,32.81 €,Datum dodání od 24.02.,Tourmax,700.00.75,https:https://images.matthies.de/mike/c48/220_7000075.jpg,Brzdy
Čidlo ABS TMX,50.44 €,32.81 €,Datum dodání od 24.02.,Tourmax,700.00.76,https:https://images.matthies.de/mike/b97/220_7000076.jpg,Brzdy
Čidlo ABS TMX,56.31 €,36.62 €,Datum dodání od 24.02.,Tourmax,700.12.28,https:https://images.matthies.de/mike/cf0/220_7001228.jpg,Brzdy
Čidlo ABS TMX,56.31 €,36.62 €,Datum dodání od 24.02.,Tourmax,700.12.31,https:https://images.matthies.de/mike/40d/220_7001231.jpg,Brzdy
Čidlo ABS TMX,56.31 €,36.62 €,Datum dodání od 24.02.,Tourmax,700.13.26,https:https://images.matthies.de/mike/831/220_7001326.jpg,Brzdy
ABS senzor,86.57 €,52.79 €,Datum dodání od 24.02.,Bosch,781.00.19,https:https://images.matthies.de/mike/0f3/220_7810019.jpg,Brzdy
Šroub originální díl,2.46 €,1.60 €,Datum dodání od 19.02.,Original spare part,717.01.29,https:https://images.matthies.de/mike/bd0/220_7170129.jpg,Brzdy
Šroub ABS senzoru originální díl,3.55 €,2.31 €,Datum dodání od 24.02.,Original spare part,717.02.01,https:https://images.matthies.de/mike/4a1/220_7170201.jpg,Brzdy
Šroub Brzdový kotouč originální díl,6.13 €,3.98 €,Datum dodání od 19.02.,Original spare part,717.02.04,https:https://images.matthies.de/mike/eba/220_7170204.jpg,Brzdy
Šroub brzdového kotouče originální díl,1.32 €,0.86 €,Datum dodání od 19.02.,Original spare part,717.02.13,https:https://images.matthies.de/mike/4e3/220_7170213.jpg,Brzdy
Šroub brzdového kotouče originální díl,2.04 €,1.33 €,Dodávka zboží na dotaz,Original spare part,717.02.16,https:https://images.matthies.de/mike/495/220_7170216.jpg,Brzdy
Šroub brzdového kotouče originální díl,3.71 €,2.42 €,Datum dodání od 24.02.,Original spare part,717.02.40,https:https://images.matthies.de/mike/088/220_7170240.jpg,Brzdy
Šroub originální díl,1.59 €,1.03 €,Datum dodání od 24.02.,Original spare part,717.02.45,https:https://images.matthies.de/mike/2f9/220_7170245.jpg,Brzdy
Šroub Brzdový kotouč originální díl,4.01 €,2.61 €,Datum dodání od 24.02.,Original spare part,717.02.92,https:https://images.matthies.de/mike/1b3/220_7170292.jpg,Brzdy
Šroub Brzdový kotouč originální díl,3.95 €,2.57 €,Datum dodání od 24.02.,Original spare part,717.02.94,https:https://images.matthies.de/mike/6eb/220_7170294.jpg,Brzdy
Šroub brzdového kotouče originální díl,3.95 €,2.57 €,Datum dodání od 19.02.,Original spare part,717.02.95,https:https://images.matthies.de/mike/160/220_7170295.jpg,Brzdy
Šroub brzdového kotouče originální díl,3.95 €,2.57 €,Datum dodání od 24.02.,Original spare part,717.02.97,https:https://images.matthies.de/mike/89d/220_7170297.jpg,Brzdy
Šroub Brzdový kotouč originální díl,4.10 €,2.66 €,Datum dodání od 24.02.,Original spare part,717.02.98,https:https://images.matthies.de/mike/434/220_7170298.jpg,Brzdy
Šroub brzdového kotouče originální díl,1.91 €,1.24 €,Dodávka zboží na dotaz,Original spare part,717.03.06,https:https://images.matthies.de/mike/f5f/220_7170306.jpg,Brzdy
Šroub Brzdový kotouč originální díl,1.72 €,1.12 €,Datum dodání od 24.02.,Original spare part,717.03.07,https:https://images.matthies.de/mike/bce/220_7170307.jpg,Brzdy
Šroub Brzdový kotouč originální díl,5.97 €,3.88 €,Datum dodání od 19.02.,Original spare part,717.03.19,https:https://images.matthies.de/mike/010/220_7170319.jpg,Brzdy
Šroub brzdového kotouče originální díl,5.29 €,3.44 €,Datum dodání od 24.02.,Original spare part,717.03.27,https:https://images.matthies.de/mike/457/220_7170327.jpg,Brzdy
Šroub brzdového kotouče originální díl,1.96 €,1.27 €,Datum dodání od 19.02.,Original spare part,717.03.62,https:https://images.matthies.de/mike/a09/220_7170362.jpg,Brzdy
Šroub brzdového kotouče JMP Bolt,11.12 €,6.78 €,Datum dodání od 24.02.,JMP,717.06.98,https:https://images.matthies.de/mike/f16/220_7170698.jpg,Brzdy
Šroub brzdového kotouče JMP Bolt,12.30 €,7.50 €,Datum dodání od 19.02.,JMP,717.07.05,https:https://images.matthies.de/mike/058/220_7170705.jpg,Brzdy
Šroub Brzdový kotouč JMP BOLT,8.66 €,5.63 €,Datum dodání od 24.02.,JMP,717.07.46,https:https://images.matthies.de/mike/47a/220_7170746.jpg,Brzdy
Šroub brzdového kotouče JMP Bolt,10.25 €,6.25 €,Datum dodání od 19.02.,JMP,717.07.68,https:https://images.matthies.de/mike/480/220_7170768.jpg,Brzdy
Šroub,2.14 €,1.04 €,Datum dodání od 24.02.,-,717.18.54,https:https://images.matthies.de/mike/8fc/220_7171615.jpg,Brzdy
Šroub Brzdový kotouč sada EBC,21.29 €,12.12 €,Datum dodání od 24.02.,EBC,717.19.80,https:https://images.matthies.de/mike/38f/220_7171980.jpg,Brzdy
Šroub Brzdový kotouč sada EBC,19.88 €,11.31 €,Dodávka zboží na dotaz,EBC,717.19.87,https:https://images.matthies.de/mike/e5d/220_7171987.jpg,Brzdy
Šrouby brzdového kotouče,6.83 €,4.44 €,Datum dodání od 24.02.,JMP,775.40.30,https:https://images.matthies.de/mike/e0a/220_7754030.jpg,Brzdy
Šrouby brzdového kotouče,6.91 €,4.22 €,Datum dodání od 24.02.,JMP,775.80.51,https:https://images.matthies.de/mike/1cd/220_7758051.jpg,Brzdy
Šrouby brzdového kotouče,9.11 €,5.56 €,Datum dodání od 24.02.,JMP,775.80.57,https:https://images.matthies.de/mike/511/220_7758057.jpg,Brzdy
Šroub šestihranný,9.59 €,5.85 €,Datum dodání od 24.02.,JMP,775.85.29,https:https://images.matthies.de/mike/a17/220_7758529.jpg,Brzdy
Šroub šestihranný,9.70 €,5.92 €,Datum dodání od 24.02.,JMP,775.85.37,https:https://images.matthies.de/mike/af2/220_7758537.jpg,Brzdy
Šroub šestihranný,10.11 €,6.17 €,Datum dodání od 24.02.,JMP,775.85.40,https:https://images.matthies.de/mike/2ee/220_7758540.jpg,Brzdy
Šrouby brzdového kotouče,8.66 €,5.28 €,Datum dodání od 24.02.,JMP,775.86.35,https:https://images.matthies.de/mike/7e6/220_7758635.jpg,Brzdy
Šrouby brzdového kotouče,12.62 €,7.70 €,Datum dodání od 24.02.,JMP,775.86.41,https:https://images.matthies.de/mike/197/220_7758641.jpg,Brzdy
Šroub šestihranný,8.77 €,5.35 €,Datum dodání od 24.02.,JMP,775.87.08,https:https://images.matthies.de/mike/adc/220_7758708.jpg,Brzdy
Šroub šestihranný,9.72 €,5.93 €,Datum dodání od 24.02.,JMP,775.87.17,https:https://images.matthies.de/mike/634/220_7758717.jpg,Brzdy
Šroub šestihranný,12.56 €,7.66 €,Dodávka zboží na dotaz,JMP,775.87.20,https:https://images.matthies.de/mike/f51/220_7758720.jpg,Brzdy
Šroub Dualdrive,8.97 €,5.47 €,Dodávka zboží na dotaz,JMP,775.90.58,https:https://images.matthies.de/mike/4f4/220_7759058.jpg,Brzdy
Šroub Dualdrive,12.28 €,7.49 €,Dodávka zboží na dotaz,JMP,775.90.64,https:https://images.matthies.de/mike/011/220_7759064.jpg,Brzdy
Šroub Dualdrive,16.40 €,10.00 €,Datum dodání od 24.02.,JMP,775.90.93,https:https://images.matthies.de/mike/579/220_7759093.jpg,Brzdy
Šroub ABS senzoru originální díl,3.55 €,2.31 €,Datum dodání od 24.02.,Original spare part,717.02.01,https:https://images.matthies.de/mike/4a1/220_7170201.jpg,Brzdy
Brzdový třmen stříbrná barva,29.32 €,16.69 €,Datum dodání od 24.02.,Mokix,717.10.04,https:https://images.matthies.de/mike/2d3/220_7171004_1.jpg,Brzdy
Brzdový třmen stříbrná barva,39.16 €,22.29 €,Datum dodání od 24.02.,Mokix,717.10.05,https:https://images.matthies.de/mike/aca/220_7171005_1.jpg,Brzdy
Brzdový třmen zlatá barva,29.32 €,16.69 €,Datum dodání od 24.02.,Mokix,717.10.06,https:https://images.matthies.de/mike/89a/220_7171006_1.jpg,Brzdy
Brzdový třmen zlatá barva,29.32 €,16.69 €,Datum dodání od 24.02.,Mokix,717.10.09,https:https://images.matthies.de/mike/27c/220_7171009_1.jpg,Brzdy
Brzdový třmen SI,29.32 €,16.69 €,Datum dodání od 24.02.,Mokix,717.10.11,https:https://images.matthies.de/mike/8ef/220_7171011_1.jpg,Brzdy
Brzdový třmen černá barva,39.16 €,22.29 €,Datum dodání od 24.02.,Mokix,717.10.12,https:https://images.matthies.de/mike/982/220_7171012_1.jpg,Brzdy
Brzdový třmen červená barva,35.23 €,20.05 €,Datum dodání od 24.02.,Mokix,717.10.18,https:https://images.matthies.de/mike/c8c/220_7171018_1.jpg,Brzdy
Brzdový třmen černá barva,44.03 €,25.06 €,Datum dodání od 24.02.,Mokix,717.10.21,https:https://images.matthies.de/mike/0a5/220_7171021.jpg,Brzdy
Brzdový třmen stříbrná barva,29.32 €,16.69 €,Dodávka zboží na dotaz,Mokix,717.10.22,https:https://images.matthies.de/mike/8df/220_7171022_1.jpg,Brzdy
Brzdový třmen červená,39.16 €,22.29 €,Datum dodání od 24.02.,Mokix,717.10.23,https:https://images.matthies.de/mike/1f2/220_7171023.jpg,Brzdy
Brzdový třmen černá barva,39.16 €,22.29 €,Datum dodání od 24.02.,Mokix,717.10.25,https:https://images.matthies.de/mike/352/220_7171025.jpg,Brzdy
Brzdový třmen stříbrná barva,58.84 €,33.49 €,Dodávka zboží na dotaz,Mokix,717.10.26,https:https://images.matthies.de/mike/577/220_7171026.jpg,Brzdy
Brzdový třmen černá,49.00 €,27.89 €,Datum dodání od 19.02.,Mokix,717.10.29,https:https://images.matthies.de/mike/1d3/220_7171029_1.jpg,Brzdy
Brzdový třmen černá,39.16 €,22.29 €,Datum dodání od 24.02.,Mokix,717.10.32,https:https://images.matthies.de/mike/a4a/220_7171032_1.jpg,Brzdy
Brzdový třmen červená barva,29.32 €,16.69 €,Datum dodání od 24.02.,Mokix,717.10.33,https:https://images.matthies.de/mike/293/220_7171033_1.jpg,Brzdy
Brzdový třmen GO JMP,41.91 €,20.44 €,Datum dodání od 24.02.,JMP,717.15.20,https:https://images.matthies.de/mike/d6f/220_7171520.jpg,Brzdy
Brzdový třmen levý černá 108MM ACC,367.81 €,239.22 €,Datum dodání od 24.02.,Accossato,717.17.95,https:https://images.matthies.de/mike/7ac/220_7171795.jpg,Brzdy
Brzdový třmen pravý černá 108MM ACC,367.81 €,239.22 €,Datum dodání od 19.02.,Accossato,717.17.96,https:https://images.matthies.de/mike/14f/220_7171796.jpg,Brzdy
Brzdový třmen levý BRM,400.00 €,240.65 €,Datum dodání od 24.02.,Brembo,717.19.13,https:https://images.matthies.de/mike/51f/220_7171913.jpg,Brzdy
Brzdový třmen pravý BRM,400.00 €,240.65 €,Datum dodání od 24.02.,Brembo,717.19.14,https:https://images.matthies.de/mike/52f/220_7171914.jpg,Brzdy
Brzdový třmen levý BRM,416.77 €,250.74 €,Datum dodání od 24.02.,Brembo,717.19.15,https:https://images.matthies.de/mike/787/220_7171915.jpg,Brzdy
Brzdový třmen pravý BRM,416.77 €,250.74 €,Datum dodání od 24.02.,Brembo,717.19.16,https:https://images.matthies.de/mike/085/220_7171916.jpg,Brzdy
Brzdový třmen levý TI BRM,249.17 €,149.91 €,Datum dodání od 24.02.,Brembo,717.19.17,https:https://images.matthies.de/mike/f85/220_7171917.jpg,Brzdy
Brzdový třmen pravý TI BRM,249.17 €,149.91 €,Datum dodání od 24.02.,Brembo,717.19.18,https:https://images.matthies.de/mike/eb4/220_7171918.jpg,Brzdy
Brzdový třmen levý GO BRM,249.17 €,149.91 €,Datum dodání od 24.02.,Brembo,717.19.19,https:https://images.matthies.de/mike/e6c/220_7171919.jpg,Brzdy
Brzdový třmen pravý GO BRM,249.17 €,149.91 €,Datum dodání od 24.02.,Brembo,717.19.20,https:https://images.matthies.de/mike/41e/220_7171920.jpg,Brzdy
Brzdový třmen levý černá BRM,249.17 €,149.91 €,Dodávka zboží na dotaz,Brembo,717.19.21,https:https://images.matthies.de/mike/520/220_7171921.jpg,Brzdy
Brzdový třmen pravý černá BRM,249.17 €,149.91 €,Datum dodání od 24.02.,Brembo,717.19.22,https:https://images.matthies.de/mike/3f7/220_7171922.jpg,Brzdy
Brzdový třmen levý černá BRM,307.23 €,184.84 €,Datum dodání od 24.02.,Brembo,717.19.23,https:https://images.matthies.de/mike/2ed/220_7171923.jpg,Brzdy
Brzdový třmen pravý černá BRM,307.23 €,184.84 €,Datum dodání od 24.02.,Brembo,717.19.24,https:https://images.matthies.de/mike/de9/220_7171924.jpg,Brzdy
Brzdový třmen levý TI BRM,307.23 €,184.84 €,Datum dodání od 24.02.,Brembo,717.19.25,https:https://images.matthies.de/mike/6fe/220_7171925.jpg,Brzdy
Brzdový třmen pravý TI BRM,307.23 €,184.84 €,Datum dodání od 24.02.,Brembo,717.19.26,https:https://images.matthies.de/mike/6a5/220_7171926.jpg,Brzdy
Brzdový třmen levý ALU BRM,498.67 €,300.01 €,Datum dodání od 24.02.,Brembo,717.19.27,https:https://images.matthies.de/mike/ad5/220_7171927.jpg,Brzdy
Brzdový třmen pravý ALU BRM,498.67 €,300.01 €,Datum dodání od 24.02.,Brembo,717.19.28,https:https://images.matthies.de/mike/ab6/220_7171928.jpg,Brzdy
Brzdový třmen levý černá BRM,498.67 €,300.01 €,Datum dodání od 24.02.,Brembo,717.19.29,https:https://images.matthies.de/mike/720/220_7171929.jpg,Brzdy
Brzdový třmen pravý černá BRM,498.67 €,300.01 €,Datum dodání od 24.02.,Brembo,717.19.30,https:https://images.matthies.de/mike/b37/220_7171930.jpg,Brzdy
Brzda kompletní,95.28 €,46.48 €,Datum dodání od 24.02.,101 Octane,765.12.84,https:https://images.matthies.de/mike/2f8/220_7651284.jpg,Brzdy
Opravná sada pístků brzdového třmenu Tourmax,25.03 €,12.21 €,Datum dodání od 19.02.,Tourmax,717.00.87,https:https://images.matthies.de/mike/5d5/220_7170087.jpg,Brzdy
Opravná sada pístků brzdového třmenu Tourmax,23.09 €,11.26 €,Datum dodání od 24.02.,Tourmax,717.01.03,https:https://images.matthies.de/mike/fcf/220_7170103.jpg,Brzdy
Opravná sada pístků brzdového třmenu Tourmax,47.07 €,22.96 €,Datum dodání od 19.02.,Tourmax,717.01.45,https:https://images.matthies.de/mike/5e7/220_7170145.jpg,Brzdy
Opravná sada pístků brzdového třmenu Tourmax,46.79 €,22.82 €,Datum dodání od 24.02.,Tourmax,717.01.52,https:https://images.matthies.de/mike/b92/220_7170152.jpg,Brzdy
Opravná sada pístků brzdového třmenu Tourmax,41.54 €,20.26 €,Datum dodání od 24.02.,Tourmax,717.01.56,https:https://images.matthies.de/mike/aff/220_7170156.jpg,Brzdy
Opravná sada pístků brzdového třmenu Tourmax,43.52 €,21.23 €,Dodávka zboží na dotaz,Tourmax,717.01.94,https:https://images.matthies.de/mike/685/220_7170194.jpg,Brzdy
Opravná sada pístků brzdového třmenu Tourmax,20.11 €,9.81 €,Datum dodání od 19.02.,Tourmax,717.02.77,https:https://images.matthies.de/mike/130/220_7170277.jpg,Brzdy
Opravná sada pístků brzdového třmenu Tourmax,43.62 €,21.28 €,Datum dodání od 24.02.,Tourmax,717.04.75,https:https://images.matthies.de/mike/208/220_7170475.jpg,Brzdy
Opravná sada pístků brzdového třmenu Tourmax,34.39 €,16.78 €,Datum dodání od 24.02.,Tourmax,717.04.83,https:https://images.matthies.de/mike/595/220_7170483.jpg,Brzdy
Brzdový třmen opravná sada TMX,34.39 €,16.78 €,Datum dodání od 24.02.,Tourmax,717.04.91,https:https://images.matthies.de/mike/932/220_7170491.jpg,Brzdy
Opravná sada pístků brzdového třmenu Tourmax,82.31 €,40.15 €,Datum dodání od 19.02.,Tourmax,717.06.95,https:https://images.matthies.de/mike/af5/220_7170695.jpg,Brzdy
Opravná sada pístků brzdového třmenu Tourmax,71.57 €,34.91 €,Datum dodání od 24.02.,Tourmax,717.08.32,https:https://images.matthies.de/mike/663/220_7170832.jpg,Brzdy
Brzdový třmen Pístní sada,57.26 €,37.24 €,Datum dodání od 24.02.,INTERN,717.14.96,https:https://images.matthies.de/mike/12c/220_7171496.jpg,Brzdy
Brzdový třmen Pístní TMX,13.91 €,6.79 €,Datum dodání od 24.02.,Tourmax,717.15.42,https:https://images.matthies.de/mike/45c/220_7171542.jpg,Brzdy
Brzdový třmen Pístní TMX,39.31 €,19.18 €,Datum dodání od 24.02.,Tourmax,717.15.53,https:https://images.matthies.de/mike/f47/220_7171553.jpg,Brzdy
Brzdový třmen Pístní TMX,40.87 €,19.94 €,Datum dodání od 24.02.,Tourmax,717.15.54,https:https://images.matthies.de/mike/dd9/220_7171554.jpg,Brzdy
Brzdový třmen Pístní TMX,39.64 €,19.34 €,Datum dodání od 24.02.,Tourmax,717.15.59,https:https://images.matthies.de/mike/2b5/220_7171559.jpg,Brzdy
Brzdový třmen Pístní sada TMX,33.92 €,16.55 €,Datum dodání od 24.02.,Tourmax,717.15.65,https:https://images.matthies.de/mike/efa/220_7171565.jpg,Brzdy
Brzdový třmen Pístní sada TMX,22.61 €,11.03 €,Datum dodání od 24.02.,Tourmax,717.15.66,https:https://images.matthies.de/mike/8e5/220_7171566.jpg,Brzdy
Brzdový třmen Pístní TMX,26.49 €,12.92 €,Datum dodání od 24.02.,Tourmax,717.15.71,https:https://images.matthies.de/mike/8cc/220_7171571.jpg,Brzdy
Brzdový třmen Pístní TMX,20.68 €,10.09 €,Datum dodání od 24.02.,Tourmax,717.15.73,https:https://images.matthies.de/mike/4cc/220_7171573.jpg,Brzdy
Brzdový třmen Pístní sada,91.76 €,44.76 €,Datum dodání od 19.02.,-,717.15.88,https:https://images.matthies.de/mike/4ae/220_7171588.jpg,Brzdy
Brzdový třmen Pístní TMX,40.54 €,19.78 €,Datum dodání od 19.02.,Tourmax,717.16.81,https:https://images.matthies.de/mike/bab/220_7171681.jpg,Brzdy
Brzdový třmen Pístní AL 34MM ACC,22.19 €,14.43 €,Datum dodání od 24.02.,Accossato,717.18.18,https:https://images.matthies.de/mike/526/220_7171818.jpg,Brzdy
Brzdový třmen Pístní sada,87.58 €,42.72 €,Datum dodání od 24.02.,-,717.18.28,https:https://images.matthies.de/mike/c86/220_7171502.jpg,Brzdy
Brzdový třmen Pístní sada,139.73 €,68.16 €,Datum dodání od 24.02.,-,717.18.76,https:https://images.matthies.de/mike/e81/220_7171876.jpg,Brzdy
Brzdový třmen opravná sada TMX,41.64 €,20.31 €,Dodávka zboží na dotaz,Tourmax,717.18.82,https:https://images.matthies.de/mike/6eb/220_7171882.jpg,Brzdy
Opravná sada pístků brzdového třmenu Tourmax,29.57 €,14.42 €,Datum dodání od 19.02.,Tourmax,717.25.70,https:https://images.matthies.de/mike/86e/220_7172570.jpg,Brzdy
Opravná sada pístků brzdového třmenu Tourmax,33.87 €,16.52 €,Datum dodání od 24.02.,Tourmax,717.26.79,https:https://images.matthies.de/mike/eea/220_7172679.jpg,Brzdy
Opravná sada pístků brzdového třmenu Tourmax,14.15 €,6.90 €,Datum dodání od 24.02.,Tourmax,717.00.11,https:https://images.matthies.de/mike/ac5/220_7170011.jpg,Brzdy
Brzdový třmen opravná sada TMX,14.15 €,6.90 €,Datum dodání od 24.02.,Tourmax,717.00.13,https:https://images.matthies.de/mike/0be/220_7170013.jpg,Brzdy
Opravná sada pístků brzdového třmenu Tourmax,32.74 €,15.97 €,Datum dodání od 19.02.,Tourmax,717.01.41,https:https://images.matthies.de/mike/c3d/220_7170141.jpg,Brzdy
Opravná sada pístků brzdového třmenu Tourmax,33.97 €,16.57 €,Dodávka zboží na dotaz,Tourmax,717.01.62,https:https://images.matthies.de/mike/6c9/220_7170162.jpg,Brzdy
Brzdový třmen opravná sada TMX,14.15 €,6.90 €,Datum dodání od 24.02.,Tourmax,717.00.13,https:https://images.matthies.de/mike/0be/220_7170013.jpg,Brzdy
Opravná sada pístků brzdového třmenu Tourmax,35.85 €,17.49 €,Datum dodání od 19.02.,Tourmax,717.00.53,https:https://images.matthies.de/mike/093/220_7170053.jpg,Brzdy
Opravná sada pístků brzdového třmenu Tourmax,32.74 €,15.97 €,Datum dodání od 19.02.,Tourmax,717.01.41,https:https://images.matthies.de/mike/c3d/220_7170141.jpg,Brzdy
Opravná sada pístků brzdového třmenu Tourmax,37.70 €,18.39 €,Datum dodání od 24.02.,Tourmax,717.01.43,https:https://images.matthies.de/mike/859/220_7170143.jpg,Brzdy
Opravná sada pístků brzdového třmenu Tourmax,47.26 €,23.05 €,Datum dodání od 24.02.,Tourmax,717.01.48,https:https://images.matthies.de/mike/beb/220_7170148.jpg,Brzdy
Opravná sada pístků brzdového třmenu Tourmax,21.53 €,10.50 €,Dodávka zboží na dotaz,Tourmax,717.01.54,https:https://images.matthies.de/mike/9ee/220_7170154.jpg,Brzdy
Opravná sada pístků brzdového třmenu Tourmax,33.97 €,16.57 €,Dodávka zboží na dotaz,Tourmax,717.01.62,https:https://images.matthies.de/mike/6c9/220_7170162.jpg,Brzdy
Opravná sada pístků brzdového třmenu Tourmax,22.99 €,11.21 €,Dodávka zboží na dotaz,Tourmax,717.08.24,https:https://images.matthies.de/mike/f6d/220_7170824.jpg,Brzdy
Opravná sada pístků brzdového třmenu Tourmax,46.13 €,22.50 €,Datum dodání od 24.02.,Tourmax,717.08.28,https:https://images.matthies.de/mike/a97/220_7170828.jpg,Brzdy
Opravná sada pístků brzdového třmenu Tourmax,35.20 €,17.17 €,Datum dodání od 24.02.,Tourmax,717.08.33,https:https://images.matthies.de/mike/cee/220_7170833.jpg,Brzdy
Těsnící sada Tourmax,23.92 €,15.56 €,Datum dodání od 24.02.,Tourmax,717.08.83,https:https://images.matthies.de/mike/2b7/220_7170883.jpg,Brzdy
Brzdový třmen opravná sada TMX,14.15 €,6.90 €,Datum dodání od 24.02.,Tourmax,717.00.13,https:https://images.matthies.de/mike/0be/220_7170013.jpg,Brzdy
Opravná sada pístků brzdového třmenu Tourmax,35.85 €,17.49 €,Datum dodání od 19.02.,Tourmax,717.00.53,https:https://images.matthies.de/mike/093/220_7170053.jpg,Brzdy
Opravná sada pístků brzdového třmenu Tourmax,32.74 €,15.97 €,Datum dodání od 19.02.,Tourmax,717.01.41,https:https://images.matthies.de/mike/c3d/220_7170141.jpg,Brzdy
Opravná sada pístků brzdového třmenu Tourmax,37.70 €,18.39 €,Datum dodání od 24.02.,Tourmax,717.01.43,https:https://images.matthies.de/mike/859/220_7170143.jpg,Brzdy
Opravná sada pístků brzdového třmenu Tourmax,47.26 €,23.05 €,Datum dodání od 24.02.,Tourmax,717.01.48,https:https://images.matthies.de/mike/beb/220_7170148.jpg,Brzdy
Opravná sada pístků brzdového třmenu Tourmax,21.53 €,10.50 €,Dodávka zboží na dotaz,Tourmax,717.01.54,https:https://images.matthies.de/mike/9ee/220_7170154.jpg,Brzdy
Opravná sada pístků brzdového třmenu Tourmax,25.60 €,12.49 €,Datum dodání od 24.02.,Tourmax,717.01.55,https:https://images.matthies.de/mike/801/220_7170155.jpg,Brzdy
Opravná sada pístků brzdového třmenu Tourmax,20.53 €,10.01 €,Datum dodání od 24.02.,Tourmax,717.01.58,https:https://images.matthies.de/mike/91e/220_7170158.jpg,Brzdy
Opravná sada pístků brzdového třmenu Tourmax,33.97 €,16.57 €,Dodávka zboží na dotaz,Tourmax,717.01.62,https:https://images.matthies.de/mike/6c9/220_7170162.jpg,Brzdy
Opravná sada pístků brzdového třmenu Tourmax,30.60 €,14.93 €,Datum dodání od 24.02.,Tourmax,717.08.23,https:https://images.matthies.de/mike/fc1/220_7170823.jpg,Brzdy
Opravná sada pístků brzdového třmenu Tourmax,22.99 €,11.21 €,Dodávka zboží na dotaz,Tourmax,717.08.24,https:https://images.matthies.de/mike/f6d/220_7170824.jpg,Brzdy
Opravná sada pístků brzdového třmenu Tourmax,46.13 €,22.50 €,Datum dodání od 24.02.,Tourmax,717.08.28,https:https://images.matthies.de/mike/a97/220_7170828.jpg,Brzdy
Opravná sada pístků brzdového třmenu Tourmax,44.46 €,21.69 €,Dodávka zboží na dotaz,Tourmax,717.08.29,https:https://images.matthies.de/mike/5b5/220_7170829.jpg,Brzdy
Těsnící sada Tourmax,28.35 €,18.44 €,Datum dodání od 24.02.,Tourmax,717.08.87,https:https://images.matthies.de/mike/649/220_7170887.jpg,Brzdy
Těsnící sada Tourmax,28.60 €,18.60 €,Datum dodání od 24.02.,Tourmax,717.08.93,https:https://images.matthies.de/mike/81a/220_7170893.jpg,Brzdy
Těsnící sada Tourmax,26.00 €,16.91 €,Datum dodání od 24.02.,Tourmax,717.08.94,https:https://images.matthies.de/mike/0f0/220_7170894.jpg,Brzdy
Těsnící sada Tourmax,32.63 €,21.22 €,Datum dodání od 24.02.,Tourmax,717.08.98,https:https://images.matthies.de/mike/ec6/220_7170898.jpg,Brzdy
Těsnící sada Tourmax,28.60 €,18.60 €,Datum dodání od 24.02.,Tourmax,717.09.00,https:https://images.matthies.de/mike/6ae/220_7170900.jpg,Brzdy
Brzdový třmen opravná sada TMX,39.74 €,19.39 €,Datum dodání od 24.02.,Tourmax,717.00.95,https:https://images.matthies.de/mike/b90/220_7170095.jpg,Brzdy
Opravná sada pístků brzdového třmenu Tourmax,47.26 €,23.05 €,Datum dodání od 24.02.,Tourmax,717.01.48,https:https://images.matthies.de/mike/beb/220_7170148.jpg,Brzdy
Opravná sada pístků brzdového třmenu Tourmax,53.89 €,26.29 €,Datum dodání od 19.02.,Tourmax,717.01.51,https:https://images.matthies.de/mike/4cf/220_7170151.jpg,Brzdy
Opravná sada pístků brzdového třmenu Tourmax,21.53 €,10.50 €,Dodávka zboží na dotaz,Tourmax,717.01.54,https:https://images.matthies.de/mike/9ee/220_7170154.jpg,Brzdy
Opravná sada pístků brzdového třmenu Tourmax,25.60 €,12.49 €,Datum dodání od 24.02.,Tourmax,717.01.55,https:https://images.matthies.de/mike/801/220_7170155.jpg,Brzdy
Opravná sada pístků brzdového třmenu Tourmax,28.62 €,13.96 €,Datum dodání od 24.02.,Tourmax,717.01.59,https:https://images.matthies.de/mike/0b4/220_7170159.jpg,Brzdy
Opravná sada pístků brzdového třmenu Tourmax,43.85 €,21.39 €,Datum dodání od 24.02.,Tourmax,717.01.60,https:https://images.matthies.de/mike/b53/220_7170160.jpg,Brzdy
Opravná sada pístků brzdového třmenu Tourmax,33.97 €,16.57 €,Dodávka zboží na dotaz,Tourmax,717.01.62,https:https://images.matthies.de/mike/6c9/220_7170162.jpg,Brzdy
Opravná sada pístků brzdového třmenu Tourmax,59.14 €,28.85 €,Datum dodání od 24.02.,Tourmax,717.01.65,https:https://images.matthies.de/mike/985/220_7170165.jpg,Brzdy
Opravná sada pístků brzdového třmenu Tourmax,18.73 €,9.14 €,Datum dodání od 19.02.,Tourmax,717.03.43,https:https://images.matthies.de/mike/560/220_7170343.jpg,Brzdy
Opravná sada pístků brzdového třmenu Tourmax,30.28 €,14.77 €,Datum dodání od 19.02.,Tourmax,717.05.17,https:https://images.matthies.de/mike/78c/220_7170517.jpg,Brzdy
Opravná sada pístků brzdového třmenu Tourmax,45.94 €,22.41 €,Dodávka zboží na dotaz,Tourmax,717.06.94,https:https://images.matthies.de/mike/e74/220_7170694.jpg,Brzdy
Opravná sada pístků brzdového třmenu Tourmax,42.44 €,20.70 €,Dodávka zboží na dotaz,Tourmax,717.08.27,https:https://images.matthies.de/mike/984/220_7170827.jpg,Brzdy
Opravná sada pístků brzdového třmenu Tourmax,46.13 €,22.50 €,Datum dodání od 24.02.,Tourmax,717.08.28,https:https://images.matthies.de/mike/a97/220_7170828.jpg,Brzdy
Opravná sada pístků brzdového třmenu Tourmax,44.46 €,21.69 €,Dodávka zboží na dotaz,Tourmax,717.08.29,https:https://images.matthies.de/mike/5b5/220_7170829.jpg,Brzdy
Těsnění sada TMX,23.87 €,15.53 €,Datum dodání od 24.02.,Tourmax,717.08.91,https:https://images.matthies.de/mike/a70/220_7170891.jpg,Brzdy
Těsnění sada Brzdový třmen originální díl,54.16 €,35.22 €,Datum dodání od 24.02.,Original spare part,717.15.03,https:https://images.matthies.de/mike/6aa/220_7171492.jpg,Brzdy
Brzdový třmen opravná sada TMX,36.43 €,17.77 €,Datum dodání od 24.02.,Tourmax,717.16.72,https:https://images.matthies.de/mike/298/220_7171672.jpg,Brzdy
Brzdový třmen opravná sada TMX,36.43 €,17.77 €,Datum dodání od 24.02.,Tourmax,717.16.73,https:https://images.matthies.de/mike/655/220_7171673.jpg,Brzdy
Těsnění Pístní 34MM ACC,14.78 €,9.62 €,Datum dodání od 24.02.,Accossato,717.18.19,https:https://images.matthies.de/mike/321/220_7171819.jpg,Brzdy
Opravná sada pístků brzdového třmenu Tourmax,46.79 €,22.82 €,Datum dodání od 24.02.,Tourmax,717.01.52,https:https://images.matthies.de/mike/b92/220_7170152.jpg,Brzdy
Pístek brzdového třmenu Tourmax,18.45 €,9.00 €,Dodávka zboží na dotaz,Tourmax,717.02.43,https:https://images.matthies.de/mike/2e1/220_7170243.jpg,Brzdy
Opravná sada pístků brzdového třmenu originální díl,38.04 €,24.74 €,Datum dodání od 24.02.,Original spare part,717.13.32,https:https://images.matthies.de/mike/804/220_7171332.jpg,Brzdy
Opravná sada pístků brzdového třmenu originální díl,94.56 €,61.50 €,Datum dodání od 19.02.,Original spare part,717.13.34,https:https://images.matthies.de/mike/096/220_7171334.jpg,Brzdy
Brzdový třmen Pístní sada,57.26 €,37.24 €,Datum dodání od 24.02.,INTERN,717.14.96,https:https://images.matthies.de/mike/12c/220_7171496.jpg,Brzdy
Brzdový třmen Pístní TMX,24.55 €,11.98 €,Datum dodání od 24.02.,Tourmax,717.15.34,https:https://images.matthies.de/mike/d56/220_7171534.jpg,Brzdy
